 {
     "drop_down_menu":
     {
         "misc":
         {
             "expand_direction": "up"
         },

         "colours":
         {
             "normal_bg": "#ffa500",
             "hovered_bg": "#ffa500",
             "dark_bg": "#ffa500",
             "normal_border": "#ffa500",
             "disabled_dark_bg": "#ffa500",
             "disabled_border": "#ffa500"
         }
     },
     "drop_down_menu.#selected_option":
     {
         "misc":
         {
            "border_width": "1",
            "open_button_width": "10"
         }
     }
 }